authority_code,statutory_ref,act_treaty,entry_class
"000000","","NA","Public Land (no Action)"
"000001","","NA","Area Original 13 States"
"000002","","NA","Northwest Territory"
"000003","","NA","North Carolina-Tennessee"
"000004","","NA","Louisiana Purchase-1803"
"000005","","NA","Red River-1818"
"000006","Treaty","March 30, 1822","Florida-1822"
"000007","","NA","Texas-1845"
"000008","","NA","Oregon Compromise-1846"
"000009","","NA","Treaty With Mexico-1848"
"000010","","NA","Purchase From Texas-1850"
"000011","","NA","Gadsden Purchase-1853"
"000012","","NA","Alaska-1867"
"000013","","NA","Hawaii-1898"
"000300","","NA","Antiquities Preservation"
"000440","","NA","Appeals To Ibla"
"000445","","NA","Contest-Private"
"000447","","NA","Grazing Appeal Procedure"
"000449","","NA","Protest-Private"
"000450","","NA","Coal Mines Health-Safety"
"000900","","NA","Pwrks Permit-Lease-Esmt"
"001600","","NA","Helium Conservation"
"007500","","NA","Misc Non-Count"
"007501","","NA","Corp Qual Og"
"007502","","NA","Acquired Easement"
"007504","","NA","Ancsa Easement"
"007505","","NA","Nonstandard Section Area"
"007506","","NA","Misc No Land Description"
"007507","","NA","State School Site"
"007509","","NA","F Barr Class Petition"
"008522","","NA","Unappvd-Disclaimed Title"
"009999","","NA","To Be Defined"
"160000","","NA","Plan-Prog-Budgeting"
"160099","","NA","To Be Defined"
"160100","","NA","Planning System"
"160500","","NA","Unit Resource Analysis"
"161000","","NA","Resource Mgt Planning"
"179201","","NA","Environmental Impact St"
"179202","","NA","Environmental Assessment"
"180099","","NA","To Be Defined"
"181050","BLM Manual","January 1, 1999","Public Lands Litigation"
"181301","43 CFR 1813","NA","Title Resolution"
"186001","49 Stat. 885","August 27, 1935","Quit Claim Deed by GSA"
"186002","73 Stat. 141","June 25, 1959","Quitclaim Deed-AK Omnibus Act"
"186004","42 Stat. 1017","September 22, 1922","Quitclaim Deed"
"186005","59 Stat. 532","August 11, 1945","Quitclaim Deed by FS"
"186006","PL 89-670","NA","Quitclaim Deed Pvt Laws"
"186007","","NA","Quitclaim Deed By Dot"
"186008","Various Statutes","July 22, 1937","Quitclaim Deed-Public Laws"
"186009","85 Stat. 688","December 18, 1971","Quitclaim Deed to US"
"186010","46 Stat. 1506","March 3, 1931","Quitclaim Deed by DOD Agency"
"186011","62 Stat. 240","May 19, 1948","Quitclaim Deed for Wildlife"
"186012","50 Stat. 522","July 22, 1937","Quitclaim Deed-FS Spec"
"186013","Bankruptcy Act","NA","Quitclaim Deed to US -DOT"
"186050","","NA","Title Transfer To FS"
"186100","","NA","Quitclaim Deed to US -Agency"
"186101","","NA","Quitclaim Deed to US -Agency"
"186230","38 Stat. 335","April 14, 1914","Supplemental Non-Coal Patent"
"186231","38 Stat. 509","July 17, 1914","Supplemental Non-Mineral"
"186300","56 Stat. 174","March 27, 1942","Other Title Conveyance"
"186301","RS 2478  43 USC 1201","July 16, 1946","Quiet Title to US"
"186302","39 Stat. 218","June 9, 1916","OR & CA Revested Lands"
"186303","40 Stat. 1179","February 26, 1919","Coos Bay Wagon Road Recnv Ld"
"186304","","NA","Trf Juris To BLM-O&C"
"186305","","NA","Trf Juris To FS-Pd"
"186306","","NA","Trf Juris To GSA"
"186310","68 Stat. 703","August 13, 1954","Carey Act-Quitclaim Deed to"
"186311","36 Stat. 855","June 25, 1910","Escheatment of Indian Land"
"186400","90 Stat. 2743","October 21, 1976","Recordable Disclaimers"
"186401","","NA","Forest Lieu Disclaimer"
"186500","68 Stat. 708","August 13, 1954","Conveyance Doc Correction"
"187110","","NA","Equitable Adjudication"
"188100","","NA","Payment In Lieu Of Taxes"
"200099","","NA","To Be Defined"
"201010","58 Stat. 765","October 3, 1944","GSA Min Reservation-BLM Acct"
"206400","","NA","Adm Land Use-Compliance"
"207000","","NA","Designations Areas-Sites"
"207011","","NA","Desig Acq Lands To Pd"
"209400","30 Stat. 409","May 14, 1898","Special Res Val-Shore Sp"
"209500","","NA","Non-Nav Water Determintn"
"209600","54 Stat. 1178","October 17, 1940","Soldiers-Sailors Relief"
"210001","48 Stat. 1269","June 28, 1934","Acquired-Taylor Grazing Act"
"210002","","NA","AcqNatl Soil Cons Act"
"210003","39 Stat. 218","June 9, 1916","Acquired-O & C Act"
"210004","","NA","Acq-Halogeton Act"
"210005","","NA","Acq-Veg Material Pl167"
"210006","69 Stat. 374","July 26, 1955","Acquired-Timber Access Road"
"210007","74 Stat. 506","July 14, 1960","Acquired-Public Land Adm Act"
"210008","","NA","Acq-Federal-aid Hwy Act"
"210009","82 Stat. 912","October 2, 1968","AcquiredWild & Scenic Rivers"
"210010","82 Stat. 912","October 2, 1968","AcquiredWild & Scenic-MO"
"210011","82 Stat. 923","October 2, 1968","Acquired Natl Trails System"
"210012","84 Stat. 1068","October 21, 1970","Acquired-King Range Cons Area"
"210013","90 Stat. 2743","October 21, 1976","Acquired-FLPMA"
"210014","68 Stat. 298","June 28, 1954","Acquired Natl Parks Mon & Mem"
"210015","","NA","Acq-Yaquina Head Nat Ar"
"210016","","NA","Acq-Resource Mgt Int-BLM"
"210017","","NA","Acq-Row Rd Rcp"
"210018","","NA","Acq-National Lakeshore"
"210019","78 Stat. 902","September 3, 1964","Acquired-Conservation Purpose"
"210020","","NA","Acquired-DOI Annual Appr Act"
"210026","29 Stat. 622","March 3, 1897","Acquired-RR"
"210030","","January 1, 1999","Acquired-Unknown"
"210099","","NA","To Be Defined"
"210500","","NA","Acq-St Of OR Ceded to US"
"210501","36 Stat. 557","June 20, 1910","Acquired-State Of Arizona"
"210502","","NA","Acq-St Of WY Ceded -US"
"211000","70 Stat. 1034","August 3, 1956","Donation of Lands to US"
"211001","43 CFR 2110","NA","Acquired-Gifts"
"212002","","NA","Pierce Act Lease"
"212009","","NA","Acq-Fed Leasing Of Lands"
"213002","","NA","Acq-FLPMA Temp Lap"
"213701","","NA","Acq-Az, ID Cons Act 1988"
"214000","50 Stat. 522","July 22, 1937","Acquired-Bankhead Jones"
"214001","48 Stat. 200","June 16, 1933","Acquired-Submarginal Lands"
"214002","63 Stat. 384","June 30, 1949","Acquired-BLM from Other Agency"
"214100","48 Stat. 344","January 31, 1934","Acquired-Ffmc"
"214101","64 Stat. 595","September 6, 1950","Acquired-Ffmc (mineral Int"
"215000","45 Stat. 1222","February 18, 1929","Acquired-Migratory Bird Cons"
"215001","62 Stat. 238","May 18, 1948","Acquired Wildife Areas Calif"
"215002","","NA","Acq-Grand Cyn Natl Game"
"215003","Various Statutes","NA","Acquired-Bureau Sport F & W"
"215005","94 Stat. 2528","December 2, 1980","Acquired-Fish & Wildlife"
"216001","","NA","Acq-BLM"
"218001","36 Stat. 962","March 1, 1911","Acquired-FS Weeks Law"
"218002","43 Stat. 654","June 7, 1924","Acquired-FS Clarke-mcnary Act"
"218003","43 Stat. 1133","March 3, 1925","Acquired-FS Weeks Law Amend"
"218004","49 Stat. 963","August 29, 1935","Acquired-FS Land for State"
"218005","63 Stat. 763","October 11, 1949","Acquired-FS Refor & Reveg"
"218006","70 Stat. 1034","August 3, 1956","Acquired-FS USDA Organic Act"
"218007","78 Stat. 1089","October 13, 1964","Acquired-FS Forest Develop"
"218008","87 Stat. 884","December 28, 1973","Acquired-FS Endangered Specie"
"218009","92 Stat. 1065","October 10, 1978","Acquired-FS Pl 95-442"
"218010","86 Stat. 0612","August 22, 1972","Acquired-FS Natl Rec Area"
"218011","52 Stat. 1205","June 25, 1938","Acquired-FS Nev & Toiyabe NF"
"218012","94 Stat. 3383","December 23, 1980","Acquired-FS Lake Tahoe Basin"
"218013","96 Stat. 2535","January 12, 1983","Acquired-FS Esmt Small Tract"
"218014","","NA","Acq-Tahoe NF"
"218015","49 Stat. 866","August 26, 1935","Acquired-FS for Utah NF"
"218016","92 Stat. 353","June 30, 1978","Acquired-FS Research Facility"
"218017","79 Stat. 843","September 28, 1965","Acquired-FS Natl Rec Area"
"218018","78 Stat. 890","September 3, 1964","Acquired-FS Wilderness Area"
"218019","","NA","Acquired-FS Miscellaneous"
"218020","54 Stat. 1119","October 14, 1940","Acquired-USDA"
"218021","100 Stat. 4287","November 17, 1986","Acquired-FS Columbia Gorge Ns"
"218022","88 Stat. 1732","December 22, 1974","Acquired-FS Cascade Head Sra"
"218023","96 Stat. 302","August 26, 1982","Acquired-FS St Helens Natl Mo"
"218024","","NA","Acq-FS Creative Act"
"218025","","NA","Acq-FS Wilderness"
"218030","32 Stat. 388","June 17, 1902","Acquired-Bureau of Reclamatio"
"218040","56 Stat. 654","July 9, 1942","Acquired-White Sands Mis Rang"
"218050","46 Stat. 53","December 23, 1929","Acquired-Veterans Admin"
"218060","25 Stat. 357","August 1, 1888","Acquired-Military Purposes"
"218065","60 Stat. 755","August 1, 1946","Acquired-DOE (AEC and ERDA)"
"218070","25 Stat. 357","August 1, 1888","Acquired-Dept Of Defense"
"218071","","NA","Acquired-Corps Of Engineers"
"218080","","NA","Acq-Dept Of Commerce"
"218090","","NA","Acq-FAA"
"218091","","NA","Acq-Us Info Agency"
"220010","85 Stat. 688","December 18, 1971","Exchange-Alaska (other)"
"220099","","NA","To Be Defined-Exchange"
"220100","85 Stat. 688","December 18, 1971","Exchange-Alaska (other)"
"220200","90 Stat. 2743","October 21, 1976","Exchange-FS Sec. 206 Flpma"
"221000","","January 1, 1999","Ex-State"
"221001","48 Stat. 1269","June 28, 1934","Exchange-State Taylor Act"
"221002","36 Stat. 563","June 20, 1910","Exchange-State Enabling Act"
"221003","44 Stat. 708","June 8, 1926","Exchange-State of NV Special"
"221004","82 Stat. 354","July 15, 1968","Exchange-St Land & Water Cons"
"221005","38 Stat. 1212","March 4, 1915","Exchange-State Special Acts"
"221006","90 Stat. 2743","October 21, 1976","Exchange-State Sec. 206 Flpma"
"221007","85 Stat. 688","December 18, 1971","Exchange-State Of Alaska"
"222000","","January 1, 1999","Ex-Private"
"222001","48 Stat. 1269","June 28, 1934","Exchange-Private-Taylor Act"
"222002","46 Stat. 378","May 23, 1930","Exchange-PvtW Navajo Indian"
"222003","37 Stat. 1007","March 4, 1913","EX-RR-Indian"
"222004","47 Stat. 566","July 22, 1932","Exchange-Private-mineral"
"222005","85 Stat. 688","December 18, 1971","Exchange-Alaska Natives"
"222006","Various Statutes","NA","Exchange-Private Misc"
"223000","42 Stat. 465","March 20, 1922","Exchange-FS General Ex Act"
"223010","40 Stat. 1204","February 28, 1919","Exchange-FS Special Act"
"223011","90 Stat. 2756","October 21, 1976","Exchange-Natl Forest Flpma"
"223012","95 Stat. 976","October 6, 1981","Exchange-FS Special Act-NV"
"223013","96 Stat. 2535","January 12, 1983","Exchange-FS Small Tract Act"
"223014","30 Stat. 993","March 2, 1899","Exchange-Natl Forest (lieu)"
"223015","41 Stat. 1455","December 30, 1919","Exchange-Natl Forest-private"
"223016","86 Stat. 790","October 9, 1972","Exchange-FS NM Special Act"
"223017","50 Stat. 522","July 22, 1937","Exchange-FS Bankhead Jones"
"223018","36 Stat. 961","March 1, 1911","Exchange-FS Weeks Law"
"223019","100 Stat. 4274","November 11, 1986","Exchange-FS Columbia Gorge Ns"
"223020","92 Stat. 353","June 30, 1978","Exchange-FS Research Facility"
"223021","96 Stat. 301","August 26, 1982","Exchange-FS Mt St Helens NVm"
"224000","82 Stat. 356","July 15, 1968","Exchange-National Park Servic"
"224001","76 Stat. 538","September 13, 1962","Exchange-National Seashore"
"224002","75 stat. 383","August 17, 1961","Exchange-Natl Park Sys-Spec"
"224003","80 Stat. 922","October 15, 1966","Exchange-National Lakeshore"
"225001","80 Stat. 926","October 15, 1966","Exchange-Natl Wildlife Refuge"
"225002","45 Stat. 1186","February 15, 1929","Exchange-Natl Wildlife Refuge"
"226000","40 Stat. 593","May 31, 1918","Exchange-O and C"
"226001","53 Stat. 1144","July 31, 1939","Exchange-Cbwr"
"227001","41 Stat. 1239","March 3, 1921","Exchange-Spec Act RecoNV-NM"
"227002","46 Stat. 1165","February 17, 1931","Exchange-National Monuments-n"
"227003","46 Stat. 278","May 14, 1930","Exchange-Petrified for Natl"
"227005","36 Stat. 563","June 20, 1910","Exchange-Reclamation Az & N"
"227006","Various Statutes","NA","Exchange-Specific Public Laws"
"227007","Various Statutes","NA","Exchange-Specific Private Law"
"227100","","February 1978","EX-Indian Res-Adj Anchorage"
"227101","27 Stat. 62","July 1, 1892","Ex-Indian Reserve"
"227102","48 Stat. 984","June 18, 1934","EX-Indian"
"227103","88 Stat. 1712","December 22, 1974","EX-Indian Hopi and Navajo"
"227104","50 Stat. 70","April 20, 1937","EX-Indian Inyo, Mono City"
"227201","44 Stat. 636","May 25, 1926","Exchange-Reclamation"
"227202","32 Stat. 388","June 17, 1902","Exchange-Reclamation"
"227203","53 Stat. 685","May 10, 1939","Exchange-ReclamationWY Eden"
"227301","82 Stat. 906","October 2, 1968","Exchange-Natl Wild & Scenic"
"227302","82 Stat. 919","October 2, 1968","Exchange-Natl Trail System"
"227400","84 Stat. 1067","October 21, 1970","Exchange-King Range Cons. Are"
"227404","79 Stat. 1295","November 8, 1965","Exchange-Natl Rec Area CA"
"227405","86 Stat. 100","March 23, 1972","Exchange-Natl Rec Area OR"
"230021","","NA","Wdl-Nwf Lawsuit"
"230099","","NA","To Be Defined"
"231101","","NA","Wdl-Hot Springs"
"231103","","NA","Wdl-Wtrshd Prot-Spec Act"
"231104","","NA","Wdl-Public Water Reserve"
"231105","","NA","Wdl-Recreational Purpose"
"231106","","NA","Wdl-BLM Wilderness Desig"
"231107","","NA","Wdl-BLM W&SR"
"231108","","NA","Wdl-Stock Driveway"
"231109","","NA","Wdl-Power Site Res"
"231110","","NA","Wdl-Power Site Classific"
"231111","","NA","Wdl-Pwr Site Res(indian)"
"231112","","NA","Wdl-Wtr Pwr Designation"
"231114","","NA","Wdl-State Exchange"
"231115","","NA","Wdl-Oil Shale"
"231116","36 Stat. 847","June 25, 1910","Wdl-FS-coal or Other Minerals"
"231117","","NA","Wdl-AK-utility Corridor"
"231118","","NA","Wdl-AK-vlg/reg Def Area"
"231120","","NA","Wdl-AK-d1 Withdrawal"
"231123","","NA","Wdl-BLM-Townsite"
"231125","","NA","Wdl-Reservoir Sites"
"231126","","NA","Wdl-Reservoir Site Res"
"231130","","NA","Wdl-AK RR Townsite"
"231131","","NA","Wdl-Alaska Village"
"231132","","NA","Wdl-Alaska Region"
"231133","","NA","Wdl-Alaska Four Cities"
"231134","","NA","Wdl-AKNatl Petro Res"
"231145","","NA","Wdl-BLM-Special Designat"
"231170","","NA","Wdl-BLM-miscellaneous"
"231171","","NA","Wdl-Pub Lnd Sale Min Res"
"231201","","NA","Wdl-Reclamation"
"231202","","NA","Wdl-Reclamation Townsite"
"231270","","NA","Wdl-Reclamation Misc"
"231301","","NA","Wdl-Indian Reservation"
"231304","","NA","Wdl-Indian Use"
"231305","","NA","Wdl-In Trust For Indians"
"231307","","NA","Wdl-Ind Power Site Res"
"231308","","NA","Wdl-Ind Reservoir Site"
"231311","","NA","Wdl-BIA-Townsites"
"231370","","NA","Wdl-BIA Miscellaneous"
"231401","","NA","Wdl-Fws Natl Refuge Sys"
"231402","","NA","Wdl-Fws Wildlife Mgt Sys"
"231403","","NA","Wdl-Fws Wild & Scenic Rv"
"231404","","NA","Wdl-Fws Wilderness Desig"
"231470","","NA","Wdl-Fws Miscellaneous"
"231501","","NA","Wdl-National Parks"
"231502","","NA","Wdl-Nps Wilderness Desig"
"231503","","NA","Wdl-Nps Natl Monument"
"231504","","NA","Wdl-Nps W&SR"
"231505","","NA","WdlMemorial Parkways"
"231506","","NA","Wdl-National Parkways"
"231507","","NA","Wdl-National MemOrials"
"231508","","NA","Wdl-Nps Natl Rec Areas"
"231509","","NA","Wdl-Natl Hist Site/park"
"231510","","NA","Wdl-Natl Battlefields"
"231570","","NA","Wdl-Nps Miscellaneous"
"231601","","NA","Wdl-Us Geological Survey"
"232070","","NA","Wdl-USDA Miscellaneous"
"232106","","NA","Wdl-Forest Elimination"
"232107","","NA","Wdl-FS Wilderness Desig"
"232108","","NA","Wdl-FS Townsite"
"232109","","NA","Wdl-FS National Monument"
"232110","","NA","Wdl-FS Wild & Scenic Riv"
"232111","","NA","Wdl-FS Wtrshd Prot-Spec"
"232112","","NA","Wdl-FS Natl Rec Area"
"232113","26 Stat. 1095","March 3, 1891","Wdl-FS-national Forests"
"232170","","NA","Wdl-FS Miscellaneous"
"232600","","NA","Wdl-Agri Research Svc"
"232700","","NA","Wdl-Soil Consrv Service"
"232800","","NA","Wdl-Bureau Of Mines-misc"
"233170","","NA","Wdl-DOD Misc"
"233171","","NA","Wdl-Mil Contam Areas"
"233200","","NA","Wdl-Dept Of Army"
"233201","","NA","Wdl-Corps Of Engineers"
"233300","","NA","Wdl-Dept Of Navy"
"233400","","NA","Wdl-Dept Of Air Force"
"234070","","NA","Wdl-Dept Of Energy Misc"
"234203","","NA","Wdl-NRC"
"234211","","NA","Wdl-Oil Shale Reserve"
"234212","","NA","Wdl-Naval Petroleum Res"
"234400","","NA","Wdl-Ferc"
"234700","","NA","Wdl-Bonneville Pwr Admin"
"234900","","NA","Wdl-Alaska Power Admin"
"235070","","NA","Wdl-Dept Of Trans Misc"
"235100","","NA","Wdl-Fed Aviation Admin"
"235200","","NA","Wdl-Coast Guard"
"236070","","NA","Wdl-Dept Of Comm Misc"
"236100","","NA","Wdl-Noaa"
"236101","","NA","Wdl-Natl Weather Service"
"236102","","NA","Wdl-Natl Marine Fisherie"
"237070","","NA","Wdl-Dept Of State Misc"
"237101","","NA","Wdl Canadian Boundary"
"237102","","NA","Wdl-Mexican Boundary"
"238100","","NA","Wdl-Postal Service"
"238200","","NA","Wdl-Veterans Admin"
"238301","","NA","Wdl-Public Health Svc"
"238370","","NA","Wdl-Health & Human Misc"
"238400","","NA","Wdl-Dept Of Treasury"
"238500","","NA","Wdl-Tenn Valley Auth-TVA"
"238600","","NA","Wdl-Nasa"
"238700","","NA","Wdl-Dept Of Justice"
"238800","","NA","Wdl-EPA"
"240001","","NA","Sec 7 Class"
"240002","","NA","Sec 8 Exc. "class""
"240003","63 Stat. 679","August 30, 1949","Alaska Public Sale Cl"
"240004","RS2455","August 30, 1946","Public Sale "class""
"240005","52 Stat. 609","June 1, 1938","Small Tract Class"
"240006","44 Stat. 741","June 14, 1926","Rec & Public Purpose Class"
"240007","","NA","Cl-O&C/CBWR Timber"
"240008","","NA","Cl-O&C/CBWR Agriculture"
"240009","","NA","Cl-O&C/CBWR Water Power"
"240020","","NA","Cl-Mineral Lands"
"240021","","NA","Cl-Coal &/or Other Min"
"240050","","NA","Cl-Miscellaneous"
"240051","","NA","Cl-Natl Forest Exchange"
"240052","","NA","Cl-Natl Forest Homestead"
"240060","","NA","Cl-Wtrshd Prot-Spec Acts"
"240099","","NA","To Be Defined"
"241000","","NA","Cl-All Land Class"
"246100","","NA","Cl-Mult Use Mgt"
"246200","","NA","Cl-Disposal"
"250001","26 Stat. 1095","March 3, 1891","Small Holding Claim"
"250002","10 Stat. 306","July 22, 1854","Private Land Claim"
"250003","10 Stat. 308","July 22, 1854","Public Land Donation"
"250004","Various Statutes","NA","Occp-Private Laws"
"250005","Various Statutes","NA","Occp-Reconveyance to US"
"250006","5 Stat. 502","August 4, 1842","Armed Occupation Act"
"251101","12 Stat. 392","May 20, 1862","Homestead EntryOriginal"
"251102","33 Stat. 527","April 28, 1904","Homestead Entry-Adjoining"
"251103","34 Stat. 233","June 11, 1906","Homestead Entry-Forest"
"251104","39 Stat. 862","December 29, 1916","Homestead Entry-Stock Raising"
"251105","17 Stat. 605","March 3, 1873","Timber Culture"
"251199","","NA","To Be Defined-Homestead"
"251400","35 Stat. 639","February 19, 1909","Homestead Entry-Enlarged"
"251500","32 Stat. 388","June 17, 1902","Homestead-Reclamation"
"252000","19 Stat. 377","March 3, 1877","Desert Land Act"
"252400","34 Stat. 519","June 27, 1906","Desert Land Entry-Rec Project"
"252800","41 Stat. 293","October 22, 1919","Desert Land Reclamation-NV"
"253000","24 Stat. 388","February 8, 1887","Indian Allotment - General"
"253001","53 Stat. 1128","July 27, 1939","Indian Trust Patent (Wind R)"
"253002","5 Stat. 513","August 23, 1842","Choctaw Scrip"
"253003","","October 20, 1832","CHICKASAW TREATY-PONTOTOC"
"253010","36 Stat. 855","June 25, 1910","Indian Fee Patent (Heir)"
"253020","34 Stat. 182","May 8, 1906","Indian Fee Patent (Non-IRA)"
"253030","48 Stat. 984","June 13, 1934","Indian Fee Patent (IRA)"
"253040","25 CFR 152.6","Indian Fee Patent-Term or Non","Indian Fee Patent-Term or Non"
"253050","39 Stat. 123","May 18, 1916","Indian Partition"
"253060","Various Statutes","May 29, 1908","Indian Fee Patent-Misc."
"253070","10 Stat. 308","July 22, 1954","Pueblo/Town Land Claim"
"253099","","January 1, 1999","To Be Defined"
"253300","36 Stat. 855","June 25, 1910","Indian Allotment in Nat. Forest"
"253310","33 Stat. 519","April 28, 1904","Indian Allotment-Wyandotte"
"253400","21 Stat. 199","June 15, 1880","Indian Trust Patent"
"253401","33 Stat. 297","April 23, 1904","Indian Reissue Trust"
"253410","12 Stat. 392","May 20, 1862","Indian Homestead Trust"
"253500","14 Stat. 703","October 14, 1865","Indian Fee Patent"
"253501","32 Stat. 245","May 27, 1902","Indian Trust to Fee"
"253502","25 CFR 152.5","June 17, 1948","Mineral Only Indian Fee Patent"
"253510","12 Stat. 392","May 20, 1862","Indian Homestead Fee Patent"
"253600","9 Stat. 323","August 14, 1848","Indian Mission Patent"
"253610","","April 12, 1864","Old Crossing Treaty"
"254000","45 Stat. 1069","December 22, 1928","Cot-Color of Title"
"254001","Various Statutes","January 11, 1921","Cot-Private Laws"
"254099","","NA","To Be Defined-Cot"
"254100","45 Stat. 1069","December 22, 1928","Cot-Class 1 and 2"
"254200","36 Stat. 896","February 3, 1911","Cot-New Mexico"
"254300","42 Stat. 992","September 21, 1922","Cot-Errone Meander-Arkansas"
"254350","54 Stat. 861","August 27, 1940","Cot-Errone Meander-FL"
"254400","43 Stat. 951","February 19, 1925","Cot-Errone Meander-LA"
"254500","68 Stat. 789","August 24, 1954","Cot-Errone MeanderWi"
"254600","76 Stat. 89","May 31, 1962","Cot-IDO Omitted Snake River"
"254700","90 Stat. 2743","October 21, 1976","Cot-Omitted Land Flpma"
"254800","41 Stat. 630","May 29, 1920","Cot-Errone Meander Snake-ID"
"254900","45 Stat. 1188","February 16, 1929","Cot-MI"
"255000","76 Stat. 1127","October 23, 1962","Mining Claim Occupation Act"
"256099","","NA","To Be Defined"
"256100","34 Stat. 197","May 17, 1906","Alaska Native Allotment"
"256200","30 Stat. 413","May 14, 1898","Trade and Mfg Site"
"256301","44 Stat. 1364","March 3, 1927","Headquarters Site"
"256302","48 Stat. 809","March 26, 1934","Homesite Alaska"
"256400","44 Stat. 629","May 25, 1926","Native Townsite"
"256401","","June 8, 1955","Native Townsite"
"256500","26 Stat.1095","March 3, 1891","Townsite-Non Native"
"256600","38 Stat. 305","March 12, 1914","Alaska RR Townsite"
"256601","38 Stat. 305","March 12, 1914","Cemetery Reserve"
"256602","38 Stat. 305","March 12, 1914","RR-Railroad Term Res"
"256700","30 Stat. 409","May 14, 1898","He Alaska"
"260010","Various Statutes","NA","Grant-State Specific Laws"
"261000","5 Stat. 607","March 17, 1842","Scrip or Nature of Scrip"
"261001","9 Stat. 520","September 28, 1850","ScripWarrant Act of 1850"
"261002","10 Stat. 3","March 22, 1852","ScripWarrant Act of 1852"
"261003","9 Stat. 123","February 11, 1847","ScripWarrant Act of 1847"
"261004","2 Stat. 728","May 6, 1812","ScripWarrant Act of 1812"
"261005","5 Stat. 497","July 27, 1842","ScripWarrant Act 1842"
"261006","10 Stat. 701","March 3, 1855","ScripWarrant Act of 1855"
"261010","1 Stat. 182","August 10, 1790","Scrip Warrant Act of 1790"
"261011","1 Stat. 480","June 1, 1796","United Brethren Warrant Act"
"261012","1 Stat. 100","February 1801","Canadian Refugee Warrant Act"
"261099","","NA","To Be Defined-Scrip"
"261101","33 Stat. 813","February 24,1905","Scrip-Certain Homestead E in"
"262000","43 CFR part 2620","NA","State Grants"
"262001","3 Stat. 489","March 2, 1819","Alabama Enabling Act"
"262002","72 Stat. 339","July 7, 1958","Alaska Statehood Act"
"262003","5 Stat. 58","June 23, 1836","Arkansas Enabling Act"
"262004","10 Stat. 155","February 9, 1853","Gt-Arkansas and Missouri"
"262007","11 Stat. 383","February 14, 1859","Oregon-Act of Admission"
"262008","9 Stat. 496","September 27, 1850","Oregon-Donation Act (grant)"
"262009","9 Stat. 323","August 14, 1848","Oregon-Lieu Selection"
"262010","","NA","OR-Common School Lieu"
"262012","17 Stat. 226","June 5, 1872","MT-ND-SD-WA Enabling Act"
"262013","10 Stat. 172","March 2, 1853","Washington-Lieu Selection"
"262020","13 Stat. 30","March 21, 1864","Nevada Enabling Act"
"262021","5 Stat. 453","September 4, 1841","Nevada-Grant of Certain Land"
"262022","21 Stat. 287","June 16, 1880","Nevada-Lieu Selection"
"262025","18 Stat. 474","March 3, 1875","Colorado Enabling Act"
"262026","5 Stat. 453","September 4, 1841","Grant-Certain Land to State"
"262027","13 Stat. 47","April 19, 1864","Nebraska Enabling Act"
"262031","102 Stat. 2712","October 28, 1988","Gt-Michigan Public Lands"
"262032","104 Stat. 1020","January 23, 1990","Gt-Minnesota Public Land"
"262044","10 Stat. 244","March 3, 1853","California Enabling Act"
"262045","10 Stat. 244","March 3, 1853","CA IL Grant - Min Only"
"262046","10 Stat. 308","July 22, 1854","Arizona Territorial Res"
"262047","10 Stat. 308","July 22, 1854","Arizona Territorial Res"
"262048","36 Stat. 557","June 20, 1910","Arizona Enabling Act"
"262049","46 Stat. 1202","February 21, 1931","Arizona-Lieu Selections"
"262050","10 Stat. 308","July 22, 1854","New Mexico Territorial Res"
"262051","30 Stat. 484","June 21, 1898","New Mexico Territorial Grant"
"262052","36 Stat. 557","June 20, 1910","New Mexico Enabling Act"
"262053","34 Stat. 227","June 9, 1906","Albuquerque Park Land"
"262055","10 Stat. 611","February 21, 1855","Utah Territorial Grant"
"262056","28 Stat. 107","July 16, 1894","Utah Enabling Act"
"262057","47 Stat. 1418","March 1, 1933","Lieu Selection-Utah"
"262060","12 Stat. 808","March 3, 1863","Idaho Territorial Act"
"262061","12 Stat. 808","March 3, 1863","Idaho Territorial Act"
"262095","26 Stat. 222","July 10, 1890","Wyoming Enabling Act"
"262099","","NA","To Be Defined - State Grant"
"262100","44 Stat. 1022","January 21,1927","Indemnity Selections"
"262101","","NA","Indemnity List Base-Valid Lie"
"262200","36 Stat. 557","June 20, 1910","Quant & Spec Grant Selection"
"262201","12 Stat. 503","July 2, 1862","State Grant-Agri College"
"262202","21 Stat. 326","February 18,1881","State Grant-University Land"
"262210","Various Decisions","NA","Nav Water Bed Conveyance"
"262211","","NA","Tidelands"
"262300","44 Stat. 1026","January 25, 1927","State Grant Min School Sec"
"262400","48 Stat. 1185","June 21, 1934","State Grant-School Sec Patent"
"262500","9 Stat. 519","September 28, 1850","Swamp Land Grant-Patent"
"262501","9 Stat. 352","March 2, 1849","Swamp Land Grant-No Patent"
"262600","28 Stat. 372","August 18, 1894","Carey Act-Irrigation"
"262601","28 Stat. 372","August 18, 1894","Carey Act-Reconveyance"
"262700","72 Stat. 339","July 7, 1958","State Grant,Alaska"
"262710","70 Stat. 709","July 28, 1956","AK-Mental Health Grants"
"262711","72 Stat. 340","July 7, 1958","Community Grants-AK"
"262712","72 Stat. 340","July 7, 1958","Community Grant Forest-AK"
"262713","72 Stat. 339","July 7, 1958","AK-Terms & Conditions Gt"
"262714","72 Stat. 339","July 7, 1958","AK-School Lands Settlement"
"262720","45 Stat. 1091","January 21, 1929","AK-University Grant"
"262722","45 Stat. 1091","January 21, 1929","Clear-List University"
"262730","72 Stat. 339","July 7, 1958","General Grant"
"262740","72 Stat. 339","July 7, 1958","Mineral Estate"
"262801","13 Stat. 355","July 2, 1864","Grant-Military Wagon Road OR"
"262820","47 Stat. 324","June 18, 1932","Gt-Metro Water Dist"
"262821","49 Stat. 1892","June 23, 1936","Gt-City Of Los Angeles"
"262901","4 Stat. 234","March 2, 1827","GT Canal,IL & Lake Mich"
"262902","4 Stat. 305","March 2, 1827","GT Canal,Miami-Dayton"
"262903","9 Stat. 83","August 8, 1846","GT Canal, Fox & Wisconsin"
"262904","10 Stat. 35","August 26, 1852","GT Canal, St. Mary's Ship"
"262905","14 Stat. 80","July 3, 1866","GT Canal, Lac La Belle"
"262906","13 Stat. 519","March 3, 1865","GT Canal, Portage Lake"
"262907","14 Stat. 30","April 10, 1866","GT Canal, breakwater-ship"
"263000","54 Stat. 898","September 18, 1940","Grant-RR-Railroad"
"263001","14 Stat. 292","July 27, 1866","Grant-RR-Atlantic and Pacific"
"263002","29 Stat. 622","March 3, 1897","Grant-RR Santa Fe Pacific"
"263003","13 Stat. 365","July 2, 1864","Grant-RR Northern Pacific"
"263004","12 Stat. 489","July 1, 1862","Grant-RR Union and Central"
"263005","11 Stat. 195","March 3, 1857","Grant-RR"
"263006","14 Stat. 239","July 25, 1866","Grant-RR O and C"
"263007","35 Stat. 647","February 25, 1909","Grant-RR O and C Forfeiture"
"263010","18 Stat. 194","June 22, 1874","Grant-RR Lieu Selection"
"263015","9 Stat. 466","September 20, 1850","Gt-RR, Chicago To Mobile"
"263016","10 Stat. 8","June 10, 1852","Gt-RR In Missouri"
"263017","11 Stat. 9","May 15, 1856","Gt-RR In Iowa"
"263018","11 Stat. 15","May 17, 1856","Gt-RR, Florida & Alabama"
"263019","11 Stat. 17","June 3, 1856","Gt-RR In Alabama"
"263020","11 Stat. 20","June 3, 1856","Gt-RR In Wisconsin"
"263021","11 Stat. 21","June 3, 1856","Gt-RR In Michigan"
"263022","11 Stat. 30","August 11, 1856","Gt-RR In Mississippi"
"263023","11 Stat. 195","March 3, 1857","Gt-RR In Minnesota"
"263024","13 Stat. 72","May 12, 1864","Gt-RR In Iowa"
"263025","10 Stat. 155","February 9, 1853","Gt-RR, Arkansas And MO"
"263099","","NA","To Be Defined-Grant-RR"
"263100","54 Stat. 898","September 18, 1940","Patent for Land Sold by RR"
"263101","","NA","RR Innocent Purchaser"
"264000","60 Stat. 170","May 13, 1946","Airport Conveyance"
"264001","60 Stat. 170","May 13, 1946","Airport Reconveyance"
"265101","85 Stat. 688","December 18, 1971","Village Selections-AK"
"265102","85 Stat. 688","December 18, 1971","Reallocated Selection-AK"
"265200","85 Stat. 688","December 18, 1971","Regional Selections-AK"
"265201","85 Stat. 688","December 18, 1971","Subsurface Estate Sel-AK"
"265202","85 Stat. 688","December 18, 1971","Mineral Lieu Selection-AK"
"265203","","NA","Ciri-Nom Outsde Reg Pool"
"265204","","NA","Ciri-GSA Pool"
"265206","","NA","Ciri-From State Thru US"
"265207","","NA","Cni-Anilca Federal Offer"
"265208","","NA","Cni-12c/14h8 Anilca Exch"
"265209","","NA","Ciri-Dfncy Recon To Vlg"
"265210","","NA","Ciri-Misc & Coal/o&g"
"265211","","NA","Lieu Selection Sur-AK"
"265301","85 Stat. 688","December 18, 1971","Cemetery-Historic Site-AK"
"265302","85 Stat. 688","December 18, 1971","Native Group Selection-AK"
"265303","85 Stat. 688","December 18, 1971","Four Cities Selection-AK"
"265304","","NA","Four Cities Nom -AK"
"265305","","NA","Four Cities Wdl -AK"
"265306","","NA","Nppr-AK"
"265308","","NA","Ancsa 14(h)(8) Sel-AK"
"265311","","NA","Reg Sse -14h5 & 14h6-AK"
"265400","","NA","Native Res-AK;ancsa 19b"
"265501","","NA","Det Area Ancsa Sec 3(e)"
"265502","","NA","Ciri 3(e)/arta-AK"
"265600","","NA","Barrow Gfta"
"265701","","NA","Aleut-Attu Is Restituton"
"265800","96 Stat. 2559","January 14, 1983","Alaska Railroad Transfer"
"266001","30 Stat. 11","June 4, 1897","Forest Lieu Selection-Non"
"266002","41 Stat. 1239","March 3, 1921","New Mexico-Lieu Selection"
"267001","9 Stat. 631","March 3, 1851","Grant-Spanish/Mexican"
"268001","Various Statutes","NA","Pvt-Lieu Selection"
"270001","94 Stat. 3381","December 23, 1980","Sale-Santini-Burton Act-Nevad"
"270002","52 Stat. 29","February 14, 1938","Sale-Public Lands-New Mexico"
"270003","41 Stat. 553","April 15, 1920","Sale-Public Lands-Utah"
"270004","Various Statutes","NA","Sale-Public Lands-Nevada"
"270005","Various Statutes","NA","Sale-Public Lands-Montana"
"270006","Various Statutes","NA","Sale-Public Lands-IDO"
"270007","","NA","Sale-Specific Public Land-AK"
"270008","Various Statutes","NA","Sale-Public Lands-Arizona"
"270009","Various Statutes","NA","Sale-Public Lands California"
"270010","Various Statutes","NA","Sale-Public Lands-Colorado"
"270011","Various Statutes","NA","Sale-Public Lands-Oregon"
"270012","Various Statutes","NA","Sale-Public Lands-Wyoming"
"270013","Various Statutes","NA","Sale-Public Lands-North Dakot"
"270014","21 Stat. 469","September 17, 1850","Sault Ste. Marie Land Claims"
"270015","Various Statutes","NA","Sale-Public LandsWashington"
"270016","104 Stat. 1020","January 23, 1990","Sale-Specific Pub Land-MN"
"270017","","NA","Sale-Specific Pub Land-AL"
"270020","20 Stat. 89","June 3, 1878","Sale-Timber and Stone Act"
"270099","","NA","To Be Defined-Sale"
"271000","90 Stat. 2743","October 21, 1976","Sale-Public Lands-FLPMA"
"271001","RS 2455","August 3, 1846","Sale-Public Lands-RS 2455"
"272000","90 Stat. 2743","October 21, 1976","Sale-Sec 203 and 209 Flpma"
"272001","89 Stat. 977","September 19, 1964","Sale-Public Land Sale Act"
"272002","3 Stat. 566","April 24, 1820","Sale-Cash Entry"
"272003","17 Stat. 607","March 3, 1873","Sale-Coal Land"
"272006","2 stat. 73","April 15, 1800","Credit - Harrison Land Act"
"272011","90 Stat. 2743","October 21, 1976","Sale-Sec 209 Minerals-FLPMA"
"273000","52 Stat. 609","June 1, 1938","Sale-Small Tract"
"274000","44 Stat. 741","June 14, 1926","Sale-Rec and Public Purposes"
"274001","31 Stat. 330","June 6, 1900","Sale-Mission Site-AK"
"274002","BLM MANUAL 2740","NA","R and Pp Reconveyed"
"274200","90 Stat. 2743","October 21, 1976","Sale-R and Pp Unsurveyed"
"275000","34 Stat. 1052","March 1, 1907","Sale-Cemetery Lands"
"275001","26 Stat. 502","September 30, 1890","Sale-Cemetery and Park to Cit"
"276000","RS 2380 43USC711","NA","Sale-Presidential Townsite"
"276200","13 Stat. 343","July 1, 1864","Sale-Townsite Settlement"
"276201","38 Stat. 558","July 28, 1914","Sale-Townsite-Coconino Arizon"
"276203","5 Stat. 70","July 2, 1836","Sale-Townlots WI and IA"
"276204","4 Stat. 334","February 5, 1829","Sale-Town Lots Galena Illinoi"
"276205","44 Stat. 377","March 3,1877","Sale-Townsite-Hot Springs"
"276210","33 Stat. 352","July 27, 1904","Sale-Indian Townsite-MT"
"276211","35 Stat. 460","May 29, 1908","Sale-Indian Townsite-ND,SD"
"276212","35 Stat. 781","March 3, 1909","Sale-Indian Resrv to RR"
"276213","25 Stat. 452","September 1, 1888","Sale-Indian Townsite-ID"
"276214","34 Stat. 80 Sec. 11","March 22, 1906","Sale-Indian Townsite-WA"
"276215","36 Stat. 367","May 13, 1910","Sale-Indian Townsite-OR"
"276300","6 Stat. 657","May 23, 1844","Sale-Trustee Townsite"
"276400","32 Stat. 388","June 17, 1902","Sale-Reclamation Townsite"
"276402","32 Stat. 388","June 17, 1902","Sale-Bureau of Recl-public"
"276403","36 Stat. 895","February 2, 1911","Sale-Bureau of Recl-acquired"
"276500","40 Stat. 1053","January 7, 1919","Sale-School Purposes"
"276501","41 Stat. 326","October 31, 1919","School Pur Reconveyed-Br"
"276600","26 STAT. 91","May 2, 1890","Sale-Pub Res Townsite-OK"
"276700","72 Stat. 438","July 31, 1958","Sale-NF Townsites-FLPMA"
"276701","96 Stat. 2535","January 12, 1983","Sale-FS Small Tract Act"
"277100","63 Stat. 679","August 30, 1949","Sale-AK Pub Sale Act"
"277200","43 CFR 2780","NA","Sale-AK Housing"
"278001","90 Stat. 1934","October 4, 1976","Sale-Point Woronzof"
"278002","RS 2353 43 USC 672","NA","Sale-Title 32 Chapter 7"
"278003","64 Stat. 769","September 6, 1950","Sale-Mineral Interest"
"278004","82 Stat. 1317","October 22,1968","Sale-Ft Bayard Military Res N"
"278005","70 Stat. 898","August 1, 1956","Sale-Plo 1613 Hwy Lots"
"278100","69 Stat. 445","August 3, 1955","Sale-Choctaw-Chickasaw"
"278200","Various Statutes","NA","Sale-Private Laws"
"278201","63 Stat. 1102","May 27,1949","Sale-Private Law 73"
"278300","39 Stat. 506","August 11, 1916","Sale-State Irrigation Distric"
"278400","41 Stat. 392","January 17, 1920","Sale-Arkansas Drainage"
"278500","90 Stat. 2743","October 21, 1976","Sale-Unintentional Trespass"
"278501","82 Stat. 870","September 26, 1968","Sale-Pls Unintentional"
"280003","","NA","Row-Facility To Highway"
"280004","","NA","Row-Temp Use Permits"
"280502","","NA","Row-Federal BIA"
"281001","","NA","Row-Roads"
"281003","","NA","Row-Roads, Acq"
"281007","","NA","Row-Roads Federal Fac"
"281008","","NA","Row-Roads Fed 44ld513"
"281009","","NA","Unauth Activity-Row-rd"
"281011","","NA","Row-Road Reconveyed"
"281099","","NA","To Be Defined"
"281100","","NA","Tram & Log Road-Pub Land"
"281130","","NA","Row-Rd-rcpl Public Land"
"281200","","NA","Tram-Log Rd-O&C,cbrlands"
"281210","","NA","Row-Log Rd Pmt O&C,cbwr"
"281211","","NA","Row-Tram-Log O&C Recnv"
"281230","","NA","Row-Log Rd Rwa O&C,cbwr"
"281300","","NA","Row-Cost Share Rd Flpma"
"281400","","NA","Row-Coop Agrmt Roads"
"282101","","NA","Fed Aid Highway(sec 107)"
"282102","","NA","Material Sites(sec 107)"
"282103","","NA","Fed Aid Highway(sec 317)"
"282104","","NA","Material Sites(sec 317)"
"282105","","NA","Fed Aid Highway(sec 17)"
"282106","","NA","Material Sites(sec 17)"
"282107","","NA","Row-FS Fed Aid Hwysec317"
"282201","","NA","Row-Roads Under Rs 2477"
"284001","","NA","Row-RR,sta Ground"
"284003","","NA","Row-RR, Facility, Acq"
"284004","","NA","Row-RR Special Acts"
"284008","","NA","Row-RR 44ld513"
"284009","","NA","Unauth Activity-Row-RR"
"284011","","NA","Row-RR Reconveyed"
"284099","","NA","To Be Defined"
"284100","","NA","Row-RR,rd & Tramways Ak"
"284200","","NA","RR & Stations Outside Ak"
"284201","","NA","MilWag-Road Oregon"
"284202","","NA","MilWag-rdOR  Cor-acq"
"284203","","NA","MilWag-rdOR,albny-east"
"284204","","NA","MilWag-rdOR"
"284205","","NA","MilWag-rdOR"
"285001","","NA","Row-Pwr Facilities"
"285002","","NA","Row-Power Tran Line"
"285003","","NA","Row-Power Tran-FLPMA"
"285004","","NA","Row-Power Trans-iRR Proj"
"285005","","NA","Row-Power Tran-acq"
"285006","","NA","Row-Pwr Facility & Trans"
"285007","","NA","Row-Pwr Line Fed Fac"
"285008","","NA","Row-Pwr Line 44ld513"
"285009","","NA","Unauth Act-Row Pwr Line"
"285011","","NA","Row-Pwr Line Reconveyed"
"285099","","NA","To Be Defined"
"285110","","NA","Row-Reclamation Project"
"285130","","NA","Row-Boulder Can Proj"
"286001","","NA","Row-Comm Site, Flpma"
"286003","","NA","Row-Comm Site,acq"
"286005","","NA","Row-Comm Site, 1911"
"286007","","NA","Row-Comm Site Fed Fac"
"286008","","NA","Row-Comm Site 44ld513"
"286009","","NA","Unauth Act-Row-comm Site"
"286011","","NA","Row-Comm Site Reconveyed"
"286099","","NA","To Be Defined"
"286100","","NA","Row-Radio & Tv Sites"
"286200","","NA","Row-Telephone-telegraph"
"286202","","NA","Row-Telephone-telegraph"
"286203","","NA","Row-Tel & Teleg,flpma"
"286205","","NA","Row-Tel & Teleg, Acq"
"286207","","NA","Row-Tel & Teleg Fed Fac"
"286208","","NA","Row-Tel & Teleg 44ld513"
"286209","","NA","Unauth Act-Row-tel&teleg"
"286211","","NA","Row- Tele & Teleg RecNV"
"287001","","NA","RowWater Facility"
"287003","","NA","RowWater Fac, Acq"
"287007","","NA","RowWater Facility Fed"
"287008","","NA","RowWater Fac44ld513"
"287009","","NA","Unauth Act-RowWater Fac"
"287011","","NA","RowWater Fac Reconveyed"
"287099","","NA","To Be Defined"
"287100","","NA","Row-Irrigation Fac"
"287101","","NA","Row-Irrigation Dist"
"287111","","NA","Row-Irrigation Fac RecNV"
"287200","","NA","Row-Livestock Water Fac"
"287300","","NA","RowWater Plants"
"287400","","NA","D/C Exist Prior To Flpma"
"287500","26 Stat. 391","August 30, 1890","D/C Exercise Of Right to"
"288001","","NA","Row-Pipeline-other"
"288004","","NA","Row-Trans Solid"
"288005","","NA","Row-Pipeline, Acq"
"288009","","NA","Unauth Use Pipeline/fac"
"288011","","NA","Row-Min Lse Purpos RecNV"
"288099","","NA","To Be Defined"
"288100","","NA","Row-O&g Pipelines"
"288101","","NA","Row-O&g Facility Sites"
"288102","","NA","Unauth Act-O&g Ppln/fac"
"288103","","NA","Row-Salt Wtr Disp-mla"
"288104","","NA","Row-Salt Wtr Disp-FLPMA"
"288105","","NA","Unauth Row-Salt Wtr Disp"
"288111","","NA","Row-O&g Ppln/fac RecNV"
"288150","","NA","Row-AK Gas Pipeline"
"288151","","NA","AK Gas Pipeline Tup"
"288401","","NA","Row-Npr-a"
"289001","","NA","Row-Other-FLPMA"
"289003","","NA","Row-Misc-iRR Project"
"289004","","NA","Row-Misc & Special"
"289007","","NA","Row-Other Federal Fac"
"289008","","NA","Row-Other Fed 44ld513"
"289009","","NA","Unauth Act -Row-other"
"289011","","NA","Row-Other Reconveyed"
"289099","","NA","To Be Defined"
"289100","","NA","Row-Forest Land"
"289101","","NA","Row-FS Easement Grant"
"289102","","NA","Row-FS Constr Rds-trails"
"289103","","NA","Row-FS"
"289104","","NA","Row-FS"
"289105","","NA","Row-FS Spec Use Permits"
"289106","","NA","Row-FS Flpma Easement"
"289107","","NA","Row-FS Other Fed Agency"
"289111","","NA","Row-FS Reconveyed"
"289150","","NA","Row-Issued By Mil Dept"
"289160","","NA","Row-Issued By AEC"
"289200","","NA","Row-Acq Land-real Prop"
"289600","","NA","Row-Trans AK Pipeline"
"289601","","NA","Row-Access Road-Alaska"
"289602","","NA","Row-Haul Road-Alaska"
"289608","","NA","Row-Pump Station Perm-AK"
"289610","","NA","Row-Mech Refrig Perm-AK"
"289612","","NA","Row-Pump Stacom Perm-AK"
"289614","","NA","Row-Basic Comms Perm-AK"
"289615","","NA","Row-Basic Comms Temp-AK"
"289616","","NA","Remote Con Bl V Com S P"
"289617","","NA","Remote Con Bl V Com S T"
"289618","","NA","Row-Ersn Constr Perm-AK"
"289619","","NA","Row-Ersn Constr Temp-AK"
"289620","","NA","RowCAmp/comms Perm-AK"
"289621","","NA","RowCAmp/comms Temp-AK"
"289622","","NA","Remote Con Bl V Equip-AK"
"289623","","NA","Remote Con Bl Y Equip-AK"
"289624","","NA","Trans-AK P/l Tup (taps)"
"289701","","NA","Row-Natural Gas P/l-AK"
"289702","","NA","Tup-Natural Gas P/l-AK"
"289800","","NA","AK P/l Row"
"289801","","NA","Tags - AK Tup"
"289900","","NA","Denali-AK P/l Row"
"289902","","NA","Denali-AK P/l Tup"
"290011","","NA","Occupancy Permit-Special"
"290099","","NA","To Be Defined"
"291100","45 Stat. 728","May 24, 1928","Airport Leases"
"291101","","NA","Airport Lse Pipeline-AK"
"291200","44 Stat. 747","June 14, 1926","R And Pp Lease"
"291300","52 Stat. 609","June 1, 1938","Small Tract Leases"
"291400","","NA","Mcoa-Lease"
"291600","","NA","Fur Farm Leases-Alaska"
"292001","","NA","Slup Pipeline-AK"
"292003","","NA","Helicoptor Site-AK"
"292004","","NA","Pipe Storage Temp-AK"
"292005","","NA","Material Storage Temp-AK"
"292006","","NA","Permits Sec 302  Flpma"
"292007","","NA","BIA School Leases-AK"
"292008","","NA","Permits Sec 1303 Anilca"
"292020","","NA","Leases Sec 302  Flpma"
"292030","","NA","Easement Sec 302  Flpma"
"292040","","NA","Public Works"
"292100","","NA","Advrtsng Pmt Pre-FLPMA"
"292200","","NA","Water Wells Pre-FLPMA"
"292300","","NA","Comm Facility Pre-FLPMA"
"292400","","NA","Sports Event Pre-FLPMA"
"292500","","NA","Esmt-DOI To Fed Agency"
"292601","","NA","Recl Lse, Lic & Ded"
"292602","","NA","Reconveyed Permit/lease"
"292801","","NA","UnauthOrizedUS e"
"292802","","NA","UnauthOrized Development"
"292803","","NA","UnauthOrized Occupancy"
"293001","","NA","Lse-Hot Springs"
"298401","","NA","Permit-Npr-a"
"298402","","NA","Lease-Npr-a"
"310070","","NA","O&g Kgs-Fpgp"
"310099","","NA","To Be Defined"
"310112","","NA","O&g Private Leases-Acq"
"310220","","NA","O&g Lessee Qual File"
"310771","","NA","O&g Exchange Lease - Pd"
"310781","","NA","O&g Renewal Lease - Pd"
"310911","","NA","O&g Lse Special Act-Row"
"311111","","NA","O&g Lse Noncomp Pub Land"
"311112","","NA","O&g Lse Noncomp Acq Land"
"311115","","NA","O&g Lse Sp Acts Nps/FS"
"311116","","NA","O&g Lse Sp Act Ffmc"
"311117","","NA","O&g Cl Iii Reinstatement"
"311120","","NA","O&g Lse Texas Relinq Act"
"311121","","NA","O&g Lse Noncomp Pd -1987"
"311122","","NA","O&g Lse Noncomp Acq-1987"
"311123","","NA","Og Lse Fut Int Nc Pd '87"
"311124","","NA","Og Lse Fut Int Nc Ac '87"
"311131","","NA","O&g Lse Future Int Nc-Pd"
"311132","","NA","O&g Lse Fut Int Nc-Acq"
"311211","","NA","O&g Lse Simo Public Land"
"311212","","NA","O&g Lse Simo Acq Land"
"312011","","NA","O&g Lse Comp Public"
"312012","","NA","O&g Lse Comp Acquired"
"312013","","NA","O&g Lse Comp GSA Land"
"312014","","NA","O&g Lse Comp Prot Lse"
"312021","","NA","O&g Lse Comp  Pd -1987"
"312022","","NA","O&g Lse Comp  Acq-1987"
"312023","","NA","Og Lse Futint Com Pd '87"
"312024","","NA","Og Lse Futint Com Ac '87"
"312081","","NA","O&g Lse Fut Int Comp-Pd"
"312082","","NA","O&g Lse Fut Int Comp-Acq"
"313140","","NA","O&g Npr-A Sale Files"
"313200","","NA","O&g Npr-A Comp Leases"
"313240","","NA","O&g Npr-A Qualifications"
"314011","","NA","O&g Lse Hydrocar Pub Lnd"
"314012","","NA","O&g Lse Hydrocar Acq Lnd"
"314088","","NA","O&g Apln Hydrocar Pub Ld"
"314089","","NA","O&g Apln Hydrocar Acq Ld"
"315100","","NA","O&g Geophys Expl-Excp Ak"
"315200","","NA","O&g Geophys Permit- Ak"
"318110","","NA","O&g Cmpns Rlty Agrmt"
"318120","","NA","O&g Cmpns Rlty Agrmt-Drn"
"318130","","NA","O&g Row Cmpns Rlty Agrmt"
"318210","","NA","O&g Exploratory Unit"
"318220","","NA","O&g Secondary Unit"
"318230","","NA","O&g Participating Area"
"318240","","NA","O&g Api/state Unit"
"318250","","NA","O&g Indian Expl Unit"
"318260","","NA","O&g Indian Secondary Un"
"318270","","NA","O&g Indian Part Area"
"318290","","NA","Subordinate State Agrmt"
"318291","","NA","Subordinate State Pa"
"318310","","NA","O&g Communitzation Agrmt"
"318320","","NA","O&g Indian Comm Agrmt"
"318330","","NA","Privately Acq Comm Agrmt"
"318410","","NA","O&g Gas Storage Agrmt"
"318510","","NA","O&g Development Contract"
"320070","","NA","Geo Kgra"
"320099","","NA","To Be Defined"
"320901","","NA","Geo Geophysical Expl"
"321000","84 Stat. 1566","December 24, 1970","Geo Lease (non-Competitive)"
"322000","","NA","Geo Lse (competitive)"
"325060","","NA","Geo Utilization Site"
"328110","","NA","Geo Cmpns Rlty Agrmt"
"328120","","NA","Geo Cmpns Rlty Agrmt-Drn"
"328200","","NA","Geo Unit Agreement"
"328210","","NA","Geo Subordinate Unit"
"328230","","NA","Geo Participating Area"
"328240","","NA","Geo State Unit"
"328300","","NA","Geo Communitzation Agrmt"
"328500","","NA","Geo Development Contract"
"340001","","NA","Coal Lease"
"341001","","NA","Coal Exploration License"
"341002","","NA","Coal Prospecting Permit"
"342001","","NA","Regional Coal Lse Comp"
"342504","","NA","Reg Comp Emerg/bypass"
"342505","","NA","Nonreg Comp Coal Lse-Lba"
"342506","","NA","Coal Lse Hardship"
"342701","","NA","Coal-S/e Surf Ownr Qual"
"343001","","NA","Coal Lse Pref Right"
"343101","","NA","Coal Sale Negotiated Row"
"343500","","NA","Coal Lse Exchange"
"343600","","NA","Coal Lse/lnd Ex-Al Vly F"
"344001","","NA","Coal License To Mine"
"347201","","NA","Category 5 Petitions"
"348001","","NA","Logical Mining Unit"
"350006","","NA","Known Leasing Area"
"350099","","NA","To Be Defined"
"350701","","NA","Prosp Pmt Frac/fut Int"
"350702","","NA","Lease Frac/future Int"
"350801","","NA","Mineral Lease Exchange"
"351201","","NA","Phosphate Prosp Permit"
"351301","","NA","Phosphate Pref Rgt Lse"
"351401","","NA","Phosphate Expl License"
"351501","","NA","Phosphate Comp Lse"
"351601","","NA","Phos Fringe Acre Nc Lse"
"351701","","NA","Phosphate Use Permit"
"352201","","NA","Sodium Prosp Permit"
"352301","","NA","Sodium Pref Rgt Lse"
"352401","","NA","Sodium Expl License"
"352501","","NA","Sodium Comp Lease"
"352601","","NA","Sodium Fringe Ac Nc Lse"
"352701","","NA","Sodium Use Permit"
"353201","","NA","Potassium Prosp Permit"
"353301","","NA","Potassium Pref Rgt Lse"
"353401","","NA","Potassium Expl Lic"
"353501","","NA","Potassium Comp Lse"
"353601","","NA","Pot Fringe Acre Nc Lse"
"354201","","NA","Sulphur Prosp Permit"
"354301","","NA","Sulphur Pref Rgt Lse"
"354401","","NA","Sulphur Expl License"
"354501","","NA","Sulphur Comp Lease"
"354601","","NA","Sulphur Fringe Nc Lease"
"355201","","NA","Gilsonite Prosp Permit"
"355301","","NA","Gilsonite Pref Rgt Lease"
"355401","","NA","Gilsonite Expl License"
"355501","","NA","Gilsonite Comp Lease"
"355601","","NA","Gilsonite Fringe Nc Lse"
"356001","","NA","Shasta NF"
"356002","","NA","N Lobato/anton Chica"
"356003","","NA","PD-NF Minnesota"
"356200","43 CFR 3562","Mineral Lease-Asphalt Oklahoma","Mineral Lease-Asphalt Oklahom"
"356201","","NA","Hardrock Prosp Pmt-Acq"
"356301","","NA","Hdr Pref Rgt Lse-Acq"
"356401","","NA","Hdr Comp Lease Acquired"
"356501","","NA","Hdr Nc Lease Acquired"
"356701","","NA","Hdr Dev Contract"
"357401","","NA","Asphalt-OKlahoma Comp"
"357501","","NA","Asphalt-OKlahoma Nc"
"358101","","NA","Au/si Pvt Land Grant"
"358201","","NA","Natl Park Service Areas"
"358301","","NA","Shasta-Trinity Units"
"358401","","NA","Res Min Pat LandCA"
"358501","","NA","White Mtns Natl Rec Area"
"358601","","NA","Sand And Gravel-Nevada"
"360050","","NA","Min Mat Disp- BIA Mou-AK"
"360099","","NA","To Be Defined"
"360211","","NA","Min Mat Expl Pmt-Surf"
"360212","","NA","Min Mat Expl Pmt - Min"
"360213","","NA","Min Mat Expl Pmt -All"
"360311","","NA","Min Mat Unaut Use - Surf"
"360312","","NA","Min Mat Unaut Use - Min"
"360313","","NA","Min Mat Unauth Use -All"
"360411","","NA","Community Pit -Surface"
"360412","","NA","Community Pit -Mineral"
"360413","","NA","Community Pit -All"
"360511","","NA","Common Use Area -Surface"
"360512","","NA","Common Use Area -Mineral"
"360513","","NA","Common Use Area -All"
"361111","","NA","Min Mat Negotiated -Surf"
"361112","","NA","Min Mat Negotiated -Min"
"361113","","NA","Min Mat Negotiated -All"
"361311","","NA","Min Mat Sale-Comp-surf"
"361312","","NA","Min Mat Sale-Comp-min"
"361313","","NA","Min Mat Sale-Comp-all"
"362000","","NA","Free UseMineral Mat"
"362111","","NA","Fup - Govt Subdiv -surf"
"362112","","NA","Fup - Govt Subdiv -min"
"362113","","NA","Fup - Govt Subdiv -all"
"362211","","NA","Fup -Non-profit Org-surf"
"362212","","NA","Fup -Non-profit Org-min"
"362213","","NA","Fup -Non-profit Org-all"
"362311","","NA","Fup -Petrified Wood-surf"
"362313","","NA","Fup -Petrified Wood-all"
"362913","","NA","Min Mat BLM Quarry"
"370099","","NA","To Be Defined"
"371000","69 Stat. 367","July 23, 1955","Multiple-Surface Use Pl-167"
"371100","","NA","Common Varieties"
"371200","","NA","Mining Claim Restriction"
"372000","","NA","Coal Land-Mine  Pl 357"
"373000","","NA","Mining In Pwrsite Pl-359"
"374000","","NA","Mult Min Dev Pl-585"
"380099","","January 1, 1999","To Be Defined"
"380210","","NA","Surface Mgt-PlanWld Rev"
"380901","","NA","Surface Mgt-Mining Ak"
"380910","","NA","Surface Mgt- Plan"
"380913","","NA","Surface Mgt- Notice"
"381401","","NA","Min Disp-Srha-noi"
"381402","","NA","Min Disp-Srha-plan"
"381410","39 Stat. 862","December 29, 1916","Min Disp-Shre Clmnt Bond"
"381600","","NA","Min Loc In Rec Wdl"
"382000","","NA","Special Mining Law Areas"
"384201","90 Stat. 90","October 21, 1976","Mc-Placer Claim"
"385100","","NA","Assesment Work-General"
"385220","","NA","Deferment Of Assmt Work"
"386000","Mineral Patent APLN","Part 3860","Mineral Patent Apln"
"386100","17 Stat. 91","May 10, 1872","Mineral Survey Apln"
"386200","14 Stat. 251","July 26, 1866","Mineral Patent-Lode"
"386201","17 Stat. 91","May 10, 1872","Mineral Patent Apln-Lode BLM"
"386202","17 Stat. 91","May 10, 1872","Min Pat Apln-Lode FS"
"386210","Chap. 6 Title 32","May 10, 1872","Lode Patent-Mineral Only"
"386300","15 Stat. 251","July 26, 1866","Mineral Patent-Placer"
"386301","17 Stat. 91","May 10, 1872","Mineral Patent Apln-Placer Bl"
"386302","17 Stat. 91","May 10, 1872","Mineral Patent Apln-Placer FS"
"386310","Chap. 6 Title 32","NA","Placer Patent-Minerals Only"
"386400","17 Stat. 91","May 10, 1872","Millsite Patent"
"386401","17 Stat. 91","May 10, 1872","Mineral Patent Apln-Millsite"
"386402","17 Stat. 91","May 10, 1872","Mineral Patent Apln-Millsite"
"386501","40 Stat. 297","October 2, 1917","Mineral Patent-Potassium"
"387100","","NA","Adverse Claims"
"387200","","NA","Protests & Contests"
"392001","","NA","Contest-Mult Use Con-BLM"
"392002","","NA","Contest-Mult Use Con-FS"
"392003","","NA","Contest - Reimbursable"
"393001","","NA","Contest-Private"
"400000","","NA","Range Management"
"400099","","NA","To Be Defined"
"410030","","NA","Inside Grazing Districts"
"410050","","NA","Outside Grazing District"
"411070","48 Stat. 1269","June 28, 1934","L.u. Project Lands"
"415000","","NA","UnauthOrized Grazing Use"
"420000","","NA","Alaska Livestock Grazing"
"430000","","NA","Alaska Reindeer Grazing"
"470000","","NA","Wild Horses And Burros"
"540001","","NA","Forest Product Sales Pd"
"540002","","NA","AK Small Timber Sales"
"540003","","NA","Forest Product Sales-O&C"
"551000","","NA","Free UseTimber"
"622000","","NA","Prot & Pres Natural Valu"
"622400","","NA","Viable Coral Communities"
"652500","","NA","Sikes Act(coop Agrmt)"
"810000","","NA","Cultural Resource Mgt"
"811001","","NA","Cult Res Id-Sites/trails"
"815100","","NA","Cultural Res UsePermit"
"820000","","NA","Natural History Res Mgt"
"822300","","NA","Research Natural Areas"
"827000","","NA","Paleontology Res Mgt"
"830000","","NA","Recreation Management"
"834000","","NA","Off-Road Vehicles"
"835001","","NA","Desig Natl AR-W&SR"
"835002","","NA","Desig Natl AR-Natl Trail"
"835100","","NA","Designated National Area"
"835200","","NA","Established Area"
"836000","","NA","Recreation Operations"
"837000","","NA","Recreation Use Authorize"
"850010","","NA","Wilderness BLM Wsa"
"850040","","NA","Wilderness FS Rare Ii"
"918000","","NA","Cadastral Survey"
"918300","","NA","Special Surveys"
"920000","","NA","Protection"
"923000","","NA","Trespass"
"923099","","NA","To Be Defined"
"923514","","NA","Trespass-Leaseable Min"
"923515","","NA","Trespass-Saleable Min"
"923907","","NA","Trespass-Gravel"
"923910","","NA","Trespass-Timber"
"923911","","NA","Fire Trespass"
"923930","","NA","Trespass-Grazing Alaska"
"923950","","NA","Trespass-Minerals"
"923951","","NA","Trespass-Ore Minerals"
"923952","","NA","Trespass-Oil"
"923953","","NA","Trespass-Coal"
"923961","","NA","Trespass-Turentine"
"923990","","NA","Trespass-Off-Road-Vehicl"
"999999","","January 1, 1999","No Authority Available"
